﻿<%@ Page Title="" Language="C#" MasterPageFile="~/admin/MasterPage.master" AutoEventWireup="true"
    CodeFile="~/admin/activity-edit.aspx.cs" Inherits="admin_etkinlikduzenle" %>

<asp:Content ID="Content1" ContentPlaceHolderID="Head" runat="Server">
    <link href="themes/default/js/datetimepicker-master/jquery.datetimepicker.css" rel="stylesheet" />
    <script type="text/javascript" src="themes/default/js/datetimepicker-master/jquery.datetimepicker.js"></script>

    <script type="text/javascript">
        $(document).ready(function () {
            var tarih = new Date();
            var ay = (tarih.getMonth() + 1).toString().length === 2 ? (tarih.getMonth() + 1).toString() : "0" + (tarih.getMonth() + 1).toString();
            var gun = tarih.getDate().toString().length === 2 ? tarih.getDate().toString() : "0" + tarih.getDate().toString();
            var saat = tarih.getHours().toString().length === 2 ? tarih.getHours().toString() : "0" + tarih.getHours().toString();
            var dakika = tarih.getMinutes().toString().length === 2 ? tarih.getMinutes().toString() : "0" + tarih.getMinutes().toString();
            var currentDate = gun + "." + ay + "." + tarih.getFullYear().toString() + " " + saat + ":" + dakika;

            //şu anki tarih yazdırılıyor.
            $("[rel='tarih']").each(function () {
                if (!$(this).val())
                    $(this).val(currentDate.toString());
            });

            //tarih maskesi
            $('[rel="tarih"]').datetimepicker({
                step: 15,
                format: 'd.m.Y H:i',
                formatDate: 'd.m.Y H:i',
                formatTime: 'H:i',
                mask: '39.19.9999 29:59'
            });


            //kaydettikten sonra yeni sayfa açmak için
            $('.icon_kaydetyeniac').click(function () {
                $('[name=HdnYeni]').val('1');
            });

            $('textarea[limit]').keyup(function (e) {
                var limit = $(this).attr('limit');
                if ($(this).val().length >= limit) {
                    if (e.keyCode != 8 && e.keyCode != 46)
                        e.preventDefault();
                    $(this).val($(this).val().substring(0, limit));
                }
                $('#' + $(this).attr('span')).text(limit - $(this).val().length);
            }).keydown(function (e) {
                var limit = $(this).attr('limit');
                if ($(this).val().length >= limit) {
                    if (e.keyCode != 8 && e.keyCode != 46)
                        e.preventDefault();
                    $(this).val($(this).val().substring(0, limit));
                }
                $('#' + $(this).attr('span')).text(limit - $(this).val().length);
            });
        });
    </script>

</asp:Content>
<asp:Content ID="Content2" ContentPlaceHolderID="CPH1" runat="Server">

    <input type="hidden" name="HdnYeni" />
    <cc1:ToolkitScriptManager runat="server" EnableScriptGlobalization="True">
    </cc1:ToolkitScriptManager>

    <div class="row etkinlikDuzenle">
        <div class="col-md-12">
            <asp:FormView ID="FVEtk" runat="server" DataKeyNames="EtkinlikId" DataSourceID="SdsEtk"
                DefaultMode="Edit" OnDataBound="FVEtk_DataBound">
                <InsertItemTemplate>
                    <div class="page-head-x4"><%= Resources.admin_language.activitiy_form_title %></div>
                    <div class="page-head-x1">
                        <%= Resources.admin_language.activitiy_form_help %>
                    </div>
                    <div class="row mb-md buttons" data-spy="affix" data-offset-top="150">
                        <div class="col-md-12">

                            <asp:LinkButton ID="LinkButton1" CommandName="Insert" ValidationGroup="sekle" runat="server" CssClass="btn btn-info icon_kaydet"><%= Resources.admin_language.activitiy_form_save %></asp:LinkButton>
                            <a href="activities.aspx" class="btn btn-default icon_kapat"><%= Resources.admin_language.activitiy_form_close %></a>

                        </div>

                    </div>

                    <div id="global_errors" class="errors-out">
                        <div class="errors-in">
                        </div>
                    </div>

                    <div class="panel">
                        <div class="panel-heading"><%= Resources.admin_language.activitiy_form_name %></div>
                        <div class="panel-body">

                            <div class="col-md-6">
                                <div class="row form-group no-gutter">
                                    <label class="col-md-4"><%= Resources.admin_language.activity_title %></label>
                                    <div class="col-md-8">
                                        <asp:TextBox ID="TBBaslik" CssClass="form-control" runat="server" Text='<%# Bind("Baslik") %>'
                                            MaxLength="150" />
                                        <asp:RequiredFieldValidator runat="server" ControlToValidate="TBBaslik" CssClass="hata"
                                            Display="Dynamic" ErrorMessage="*" ValidationGroup="sekle" SetFocusOnError="true"></asp:RequiredFieldValidator>
                                    </div>
                                </div>

                                <div class="row form-group no-gutter">
                                    <label class="col-md-4"></label>
                                    <div class="col-md-8">

                                        <asp:HiddenField ID="HdnImg" runat="server" Value='<%# Bind("Resim") %>' />                                                    
                                         <img src="" style="max-width: 150px; max-height: 150px;" id="sanalogFileImage" />   
                                        <a href="javascript:void(0)" class="btn btn-success btn-sm fileinput-button icon_yeni"  onclick="SnlgOpenSingleManager('<%=FVEtk.FindControl("HdnImg").ClientID %>');"><%= Resources.admin_language.article_add_image %></a>

                                    </div>
                                </div>


                                <div class="row form-group no-gutter">
                                    <label class="col-md-4"><%= Resources.admin_language.activity_s_date %></label>
                                    <div class="col-md-8">
                                        <asp:TextBox ID="TbTarih1" CssClass="form-control" runat="server" Text='<%# Bind("Tarih1", "{0:dd.MM.yyyy HH:mm}") %>' MaxLength="20" rel="tarih" />
                                        <asp:RequiredFieldValidator runat="server" ControlToValidate="TbTarih1" CssClass="hata"
                                            Display="Dynamic" ErrorMessage="*" ValidationGroup="sekle" SetFocusOnError="true"></asp:RequiredFieldValidator>
                                    </div>
                                </div>

                                <div class="row form-group no-gutter">
                                    <label class="col-md-4"><%= Resources.admin_language.activity_f_date %></label>
                                    <div class="col-md-8">
                                        <asp:TextBox ID="TbTarih2" CssClass="form-control" runat="server" Text='<%# Bind("Tarih2", "{0:dd.MM.yyyy HH:mm}") %>' MaxLength="20" rel="tarih" />
                                        <asp:RequiredFieldValidator ID="RequiredFieldValidator1" runat="server" ControlToValidate="TbTarih2" CssClass="hata"
                                            Display="Dynamic" ErrorMessage="*" ValidationGroup="sekle" SetFocusOnError="true"></asp:RequiredFieldValidator>
                                    </div>
                                </div>

                            </div>
                            <div class="col-md-6">
                                <div class="row form-group no-gutter">

                                    <div class="col-md-12">
                                        <label><%= Resources.admin_language.activity_content %></label>
                                        <div class="sayfaIcerik">
                                            <div class="ckEditor">
                                                <CKEditor:CKEditorControl ID="CKE1" runat="server" BasePath="/plugins/ckeditor/"
                                                    CssClass="CKEditor" Text='<%# Bind("Detay") %>'>
                                                </CKEditor:CKEditorControl>
                                            </div>
                                        </div>
                                    </div>
                                </div>
                            </div>




                        </div>
                    </div>
                </InsertItemTemplate>

                <EditItemTemplate>
                    <div class="page-head-x4"><%= Resources.admin_language.activity_edit %></div>
                    <div class="page-head-x1"><%= Resources.admin_language.activity_edit_help %></div>

                    <div class="row mb-md buttons" data-spy="affix" data-offset-top="150">
                        <div class="col-md-12">
                            <asp:LinkButton CommandName="Update" ValidationGroup="sekle" runat="server" CssClass="btn btn-info icon_kaydet"> <%= Resources.admin_language.save %></asp:LinkButton>
                            <asp:LinkButton CommandName="Update" ValidationGroup="sekle" runat="server" CssClass="btn btn-success icon_kaydetyeniac"> <%= Resources.admin_language.save_new %></asp:LinkButton>
                            <asp:LinkButton CommandName="delete" runat="server" CssClass="btn btn-danger icon_sil" Visible='<%# Request.QueryString["dil"] != Snlg_ConfigValues.defaultLangId %>' data-bb="confirm" data-confirm-text="<%$ Resources:admin_language, delete_onay %>"> <%= Resources.admin_language.delete %></asp:LinkButton>
                            <a href="activities.aspx" class="btn btn-default icon_kapat"><%= Resources.admin_language.close %></a>
                        </div>
                    </div>

                    <div id="global_errors" class="errors-out">
                        <div class="errors-in">
                        </div>
                    </div>

                    <div class="panel">
                        <div class="panel-heading"><%= Resources.admin_language.activity_edit_form %></div>
                        <div class="panel-body">

                            <div class="col-md-6">
                                <div class="row form-group no-gutter">
                                    <label class="col-md-4"><%= Resources.admin_language.edit_lang %></label>
                                    <div class="col-md-8">
                                        <%# DilleriListele(Eval("Diller")) %>
                                    </div>
                                </div>


                                <div class="row form-group no-gutter">
                                    <label class="col-md-4"><%= Resources.admin_language.activity_title %></label>
                                    <div class="col-md-8">
                                        <asp:TextBox ID="TBBaslik" CssClass="form-control" runat="server" Text='<%# Bind("Baslik") %>' MaxLength="150" />
                                        <asp:RequiredFieldValidator runat="server" ControlToValidate="TBBaslik" CssClass="hata"
                                            Display="Dynamic" ErrorMessage="*" ValidationGroup="sekle" SetFocusOnError="true"></asp:RequiredFieldValidator>
                                    </div>
                                </div>

                                <div class="row form-group no-gutter">
                                    <label class="col-md-4"></label>
                                    <div class="col-md-8">
                                        <p>
                                            <asp:HiddenField ID="HdnImg" runat="server" Value='<%# Bind("Resim") %>' />
                                             <img src='<%# Eval("Resim") %>' style="max-width: 150px; max-height: 150px;" id="sanalogFileImage" />
                                             <a href="javascript:void(0)" class="btn btn-success btn-sm fileinput-button icon_yeni"  onclick="SnlgOpenSingleManager('<%=FVEtk.FindControl("HdnImg").ClientID %>');"><%= Resources.admin_language.article_add_image %></a>

                                         
                                        </p>
                                        <p>
                                            <asp:LinkButton runat="server" CssClass="btn btn-default" Visible='<%# !string.IsNullOrEmpty(Eval("Resim").ToString()) %>'
                                                OnClick="LinkRSil_Click"><%= Resources.admin_language.activity_image_delete %></asp:LinkButton>
                                        </p>
                                    </div>
                                </div>



                                <div class="row form-group no-gutter">
                                    <label class="col-md-4"><%= Resources.admin_language.activity_s_date %></label>
                                    <div class="col-md-8">
                                        <asp:TextBox ID="TbTarih1" CssClass="form-control" runat="server" Text='<%# Bind("Tarih1", "{0:dd.MM.yyyy HH:mm}") %>' MaxLength="20"
                                            rel="tarih" />
                                        <asp:RequiredFieldValidator runat="server" ControlToValidate="TbTarih1" CssClass="hata"
                                            Display="Dynamic" ErrorMessage="*" ValidationGroup="sekle" SetFocusOnError="true"></asp:RequiredFieldValidator>
                                    </div>
                                </div>

                                <div class="row form-group no-gutter">
                                    <label class="col-md-4"><%= Resources.admin_language.activity_f_date %></label>
                                    <div class="col-md-8">
                                        <asp:TextBox ID="TbTarih2" CssClass="form-control" runat="server" Text='<%# Bind("Tarih2", "{0:dd.MM.yyyy HH:mm}") %>' MaxLength="20"
                                            rel="tarih" />
                                        <asp:RequiredFieldValidator runat="server" ControlToValidate="TbTarih2" CssClass="hata"
                                            Display="Dynamic" ErrorMessage="*" ValidationGroup="sekle" SetFocusOnError="true"></asp:RequiredFieldValidator>
                                    </div>
                                </div>

                            </div>
                            <div class="col-md-6">
                                <div class="row form-group no-gutter">

                                    <div class="col-md-12">
                                        <label><%= Resources.admin_language.activity_content %></label>
                                        <div class="ckEditor">
                                            <CKEditor:CKEditorControl ID="CKE1" runat="server" BasePath="/plugins/ckeditor/"
                                                CssClass="CKEditor" Text='<%# Bind("Detay") %>'>
                                            </CKEditor:CKEditorControl>
                                        </div>
                                    </div>
                                </div>
                            </div>

                        </div>
                    </div>
                </EditItemTemplate>
            </asp:FormView>

        </div>
    </div>

    <asp:SqlDataSource ID="SdsEtk" runat="server" ConnectionString="<%$ ConnectionStrings:e_cobiConn %>"
        InsertCommand="snlg_V1.msp_EtkinlikEkle" InsertCommandType="StoredProcedure"
        SelectCommand="snlg_V1.msp_EtkinlikDetaySec" SelectCommandType="StoredProcedure"
        OnInserted="SdsEtk_Inserted" UpdateCommand="snlg_V1.msp_EtkinlikDuzenle" UpdateCommandType="StoredProcedure"
        OnUpdated="SdsEtk_Updated" OnInserting="SdsEtk_Inserting" OnUpdating="SdsEtk_Updating"
        DeleteCommand="DELETE FROM snlg_V1.msp_EtkinlikDetay FROM snlg_V1.msp_EtkinlikDetay INNER JOIN snlg_V1.msp_EtkinlikApp ON snlg_V1.msp_EtkinlikDetay.EtkinlikId = snlg_V1.msp_EtkinlikApp.EtkinlikId WHERE (snlg_V1.msp_EtkinlikApp.EtkinlikId = @EtkinlikId) AND (snlg_V1.msp_EtkinlikDetay.Dil = @Dil)"
        OnDeleted="SdsEtk_Deleted" OnDeleting="SdsEtk_Deleting">
        <DeleteParameters>
            <asp:QueryStringParameter Name="Dil" Type="Int16" QueryStringField="dil" />
            <asp:QueryStringParameter Name="EtkinlikId" QueryStringField="eid" />

        </DeleteParameters>
        <SelectParameters>

            <asp:QueryStringParameter Name="Dil" Type="Int16" QueryStringField="dil" />
            <asp:QueryStringParameter Name="EtkinlikId" QueryStringField="eid" Type="Int32" />
        </SelectParameters>
        <UpdateParameters>

            <asp:QueryStringParameter Name="EtkinlikId" QueryStringField="eid" Type="Int32" />
            <asp:QueryStringParameter Name="Dil" Type="Int16" QueryStringField="dil" />
            <asp:Parameter Name="Detay" Type="String" />
            <asp:Parameter Name="Tarih1" Type="DateTime" />
            <asp:Parameter Name="Tarih2" Type="DateTime" />
            <asp:Parameter Name="Resim" Type="String" />
        </UpdateParameters>
        <InsertParameters>

            <asp:Parameter Name="Baslik" Type="String" />
            <asp:Parameter Name="Detay" Type="String" />
            <asp:Parameter Name="Tarih1" Type="DateTime" />
            <asp:Parameter Name="Tarih2" Type="DateTime" />
            <asp:Parameter Name="Resim" Type="String" />
        </InsertParameters>
    </asp:SqlDataSource>

</asp:Content>
